"Artist","Title","Rank","Playcount"
"Bastille","Overjoyed","1","34"
"Bastille","Oblivion","2","32"
"Bastille","Icarus","3","31"
"Bastille","Flaws","4","31"
"Bastille","These Streets","5","31"
"Bastille","Bad Blood","6","31"
"Bastille","Weight of Living, Pt. II","7","31"
"Bastille","Daniel in the Den","8","28"
"Bastille","Laura Palmer","9","27"
"Bastille","Get Home","10","25"
"Bastille","Weight of Living, Pt. I","11","25"
"Bastille","Things We Lost in the Fire","12","21"
"Bastille","Sleepsong","13","19"
"Bastille","Durban Skies","14","19"
"Bastille","Haunt (demo)","15","19"
"Bastille","Poet","16","19"
"Bastille","Laughter Lines","17","18"
"Bastille","Pompeii","18","18"
"Bastille","Of the Night","19","18"
"Infant Sorrow","Bangers, Beans and Mash","20","17"
"Infant Sorrow","The Clap","21","17"
"Bastille","The Silence","22","17"
"Infant Sorrow","I Am Jesus","23","16"
"Bastille","What Would You Do","24","15"
"Bastille","The Draw","25","15"
"Bleachers","I Wanna Get Better","26","15"
"Infant Sorrow","Riding Daphne","27","14"
"We Are Twin","The Way We Touch","28","14"
"Bastille","Tuning Out...","29","14"
"Bastille","Skulls","30","14"
"Jackie Q","Ring 'Round","31","13"
"Infant Sorrow","F.O.H.","32","13"
"Echosmith","Cool Kids","33","13"
"Jackie Q","Supertight","34","12"
"Jeff Beal","The Ring","35","12"
"Bastille","Previously on Other People's Heartache...","36","11"
"Jeff Beal","House Of Cards Main Title Season 2","37","11"
"Jeff Beal","Freddie's World","38","11"
"Jeff Beal","Two Minutes","39","11"
"Biffy Clyro","Many Of Horror","40","10"
"Infant Sorrow","Yeah Yeah Oi Oi","41","10"
"Andrew Combs","Please, Please, Please","42","10"
"Sir Sly","Ghost","43","10"
"Jeff Beal","Grief Demands An Answer","44","10"
"Jeff Beal","Rock Creek","45","10"
"Jeff Beal","Our Fortress","46","10"
"Jeff Beal","Rachel On The Bus","47","10"
"Alizee","Alcaline","48","10"
"Mit Logarhythms","Here (In Your Arms)","49","9"
"Sam Smith","Stay with Me","50","9"
"Hozier","Work Song","51","9"
"Sam Smith","I'm Not the Only One","52","9"
"Jeff Beal","Toxic President","53","9"
"Jeff Beal","She Fell","54","9"
"Jeff Beal","Heronymous","55","9"
"Jeff Beal","Two More Votes","56","9"
"Priory","Weekend","57","9"
"Sir Sly","Leave You","58","9"
"Infant Sorrow","Little Bird","59","8"
"Infant Sorrow","Searching For A Father","60","8"
"Peter Peter","Carrousel","61","8"
"Sir Sly","Found You Out","62","8"
"Bear's Den","Agape","63","8"
"Andrew Duhon","Gonna Take A Little Rain","64","8"
"Hozier","Take Me to Church","65","8"
"Mayday Parade","Girls","66","8"
"Ceo","Whorehouse","67","8"
"Paloma Faith","Only Love Can Hurt Like This","68","8"
"Rod Melancon","Dreamer","69","8"
"Rod Melancon","Curve Lounge","70","8"
"Sir Sly","Inferno","71","8"
"Sir Sly","You Haunt Me","72","8"
"Sir Sly","Nowhere / Bloodlines Pt. I","73","8"
"Sir Sly","Floods","74","8"
"The King Blues","I Got Love","75","7"
"Andrew Combs","Heavy","76","7"
"Frightened Rabbit","Backyard Skulls","77","7"
"N.W.A","Findum, Fuckum And Flee - Feat. Eazy-E","78","7"
"Sir Sly","Gold","79","7"
"Auden","Pour mieux s'unir","80","7"
"Sheppard","Geronimo","81","7"
"Jeff Beal","A Gift From Feng","82","7"
"Sir Sly","Too Far Gone","83","7"
"Yuna","Decorate","84","6"
"Infant Sorrow","Going Up","85","6"
"Infant Sorrow","Furry Walls","86","6"
"Sam Smith","Leave Your Lover","87","6"
"Jeff Beal","Claire's Secret","88","6"
"Sir Sly","Helpless / Bloodlines Pt. II","89","6"
"Eazy-E","Gimmie That Nutt","90","5"
"Jason Reeves","Photographs & Memories","91","5"
"Andrew Combs","come tomorrow","92","5"
"Jali","Des Ailes","93","5"
"Deorro","Five Hours","94","5"
"Lorde","Team","95","5"
"Sam Smith","I've Told You Now","96","5"
"Sam Smith","Not in That Way","97","5"
"Sam Smith","Like I Can","98","5"
"Lilly Wood & The Prick","Prayer in C - Robin Schulz Radio Edit","99","5"
"Meghan Trainor","All About That Bass","100","5"
"Scott Bradlee & Postmodern Jukebox","Creep","101","5"
"Sir Sly","Witches","102","5"
"Stead","Repetitive","103","4"
"White Lies","To Lose My Life","104","4"
"Fall Out Boy","What a Catch, Donnie","105","4"
"Morgan Page","Fight for You","106","4"
"Morgan Page","Strange Condition","107","4"
"Morgan Page","Back to Life","108","4"
"Morgan Page","Believe","109","4"
"Triggerfinger","I Follow Rivers - Live @ Giel! - VARA/3FM","110","4"
"Sam Smith","Lay Me Down","111","4"
"Magic Man","Paris","112","4"
"Bastian Baker","79 Clinton Street","113","4"
"Ceo","OMG","114","4"
"Union du son","Tombe Sous Le Charme","115","4"
"Sam Smith","Life Support","116","4"
"Timmy Trumpet","Freaks","117","4"
"Magic Man","Out of Mind","118","4"
"Jeff Beal","Pretty Polly","119","4"
"Jeff Beal","Easy As Pie","120","4"
"Jeff Beal","Heat Wave","121","4"
"Jeff Beal","I Hate Lying","122","4"
"Jeff Beal","Lucas Cornered","123","4"
"Jeff Beal","Covert Plans","124","4"
"Ben Howard","Conrad","125","4"
"Magic Man","It All Starts Here","126","4"
"Bear's Den","The Love We Stole","127","4"
"Keith Whitley","Don't Close Your Eyes","128","3"
"Jill Sobule","I Kissed a Girl","129","3"
"Snoop Dogg","Who Am I (What's My Name)?","130","3"
"N.W.A","She Swallowed It","131","3"
"Fall Out Boy","Grand Theft Autumn / Where Is Your Boy","132","3"
"Keith Whitley","Tell Lorrie I Love Her","133","3"
"Half Pint","One Leg Up","134","3"
"Bushwick Bill","Take Em' Off","135","3"
"Richard LeBouef","Empty Glass","136","3"
"Katy Perry","Thinking of You","137","3"
"Briton Malcom Bennett","Say Goodbye","138","3"
"Brand New","(Fork and Knife)","139","3"
"Fall Out Boy","I Don't Care","140","3"
"Fall Out Boy","America's Suitehearts","141","3"
"Infant Sorrow","Just Say Yes","142","3"
"Ramesh","The King","143","3"
"Andrew Combs","Take It From Me","144","3"
"Morgan Page","Agnus Del","145","3"
"N.W.A","Automobile - Feat. Eazy-E","146","3"
"Rod Melancon","South Louisian'","147","3"
"Andrew Combs","Runnin' You Out Of My Mind","148","3"
"Fall Out Boy","Miss Missing You","149","3"
"Fall Out Boy","Death Valley","150","3"
"Fall Out Boy","Young Volcanoes","151","3"
"Fall Out Boy","The Mighty Fall","152","3"
"Fall Out Boy","Rat a Tat","153","3"
"Fall Out Boy","Save Rock and Roll","154","3"
"The Melodic","On My Way","155","3"
"Magic Man","Waves","156","3"
"Ben Howard","I Forget Where We Were","157","3"
"Lorde","Glory and Gore","158","3"
"Drake","Hold On, We're Going Home","159","3"
"Tal","Marcher au soleil","160","3"
"Julien Dore","Chou Wasabi","161","3"
"Ejecta","Mistress","162","3"
"Hozier","Someone New","163","3"
"Magic Man","Every Day","164","3"
"Maximo Park","Leave This Island","165","3"
"Indila","Derniere danse","166","3"
"James Bay","Hold Back the River","167","3"
"Kyo","Le Graal","168","3"
"Dotan","Home","169","3"
"Bastille","Pompeii - Audien Remix","170","3"
"Black M","Sur ma route","171","3"
"Interpol","All the Rage Back Home","172","3"
"Ed Sheeran","Don't","173","3"
"Ed Sheeran","Thinking Out Loud","174","3"
"Jeff Beal","Rachel And Jacob","175","3"
"Jeff Beal","Put It To Bed","176","3"
"Jeff Beal","Your Respect","177","3"
"Jeff Beal","Married To The V.P.","178","3"
"Jeff Beal","Moments Of Escape","179","3"
"Jeff Beal","Tusk Drops A Bomb","180","3"
"Bleachers","Rollercoaster","181","3"
"Ben Howard","In Dreams","182","3"
"Ben Howard","Time Is Dancing","183","3"
"Hayley Kiyoko","This Side of Paradise","184","3"
"Sugababes","Stronger","185","2"
"Counting Crows","A Long December","186","2"
"Guns N' Roses","Welcome to the Jungle","187","2"
"The Bluetones","Slight Return","188","2"
"Bon Jovi","Bad Medicine","189","2"
"Snoop Dogg","Gin And Juice","190","2"
"OK Go","Don't Ask Me","191","2"
"Bon Jovi","Born To Be My Baby","192","2"
"Dar Williams","When I Was A Boy","193","2"
"Bone Thugs-N-Harmony","Thuggish Ruggish Bone","194","2"
"N.W.A","100 Miles and Runnin'","195","2"
"Dolly Parton","9 to 5","196","2"
"N2DEEP","Back to the Hotel","197","2"
"George Strait","All My Ex's Live In Texas","198","2"
"Fall Out Boy","Dead on Arrival","199","2"
"Bon Jovi","Living In Sin","200","2"
"Fall Out Boy","Saturday","201","2"
"Whitney Houston","I Have Nothing","202","2"
"N.W.A","Just Don't Bite It","203","2"
"Norah Jones","Don't Know Why","204","2"
"Shelby Lynne","Reach for the Rhythm","205","2"
"The Shins","New Slang","206","2"
"Victoria Williams","Crazy Mary","207","2"
"N.W.A","Approach to Danger","208","2"
"N.W.A","The Dayz of Wayback","209","2"
"George Strait","Ocean Front Property","210","2"
"Keith Whitley","When You Say Nothing at All","211","2"
"Joan Baez","Amsterdam","212","2"
"Eazy-E","Real Muthaphuckkin G's","213","2"
"George Strait","Am I Blue","214","2"
"Heather Eatman","Half of a Woman","215","2"
"Kennedy Rose","Iron Horse","216","2"
"Emmylou Harris","Sweet Sorrow in the Wind","217","2"
"Fall Out Boy","Dance, Dance","218","2"
"Fall Out Boy","Sugar, We're Goin Down","219","2"
"Fall Out Boy","A Little Less Sixteen Candles, a Little More ""Touch Me""","220","2"
"N.W.A","1-900-2-Compton","221","2"
"Matt Wertz","5:19","222","2"
"the everybodyfields","By Your Side","223","2"
"Fall Out Boy","This Ain't a Scene, It's an Arms Race","224","2"
"Fall Out Boy","Thnks fr th Mmrs","225","2"
"Fall Out Boy","""The Take Over, the Breaks Over""","226","2"
"Ben's Brother","Let Me Out","227","2"
"the everybodyfields","Aeroplane","228","2"
"the everybodyfields","Leaving Today","229","2"
"the everybodyfields","Lonely Anywhere","230","2"
"the everybodyfields","Wasted Time","231","2"
"the everybodyfields","Savior","232","2"
"the everybodyfields","Everything Is Okay","233","2"
"the everybodyfields","Out On The Highway","234","2"
"Hot Hot Heat","Harmonicas & Tambourines","235","2"
"White Lies","Unfinished Business","236","2"
"Colbie Caillat","Try","237","2"
"White Lies","Farewell to the Fairground","238","2"
"Morgan Page","Call My Name","239","2"
"White Lies","Death","240","2"
"White Lies","E.S.T.","241","2"
"Ann Wilson","The Battle of Evermore","242","2"
"White Lies","From the Stars","243","2"
"White Lies","A Place to Hide","244","2"
"White Lies","The Price of Love","245","2"
"White Lies","Fifty on Our Foreheads","246","2"
"White Lies","Nothing to Give","247","2"
"Fall Out Boy","Headfirst Slide Into Cooperstown on a Bad Bet","248","2"
"Fall Out Boy","Disloyal Order of Water Buffaloes","249","2"
"Fall Out Boy","She's My Winona","250","2"
"Fall Out Boy","The (Shipped) Gold Standard","251","2"
"Fall Out Boy","(Coffee's for Closers)","252","2"
"Fall Out Boy","27","253","2"
"Fall Out Boy","20 Dollar Nose Bleed","254","2"
"Fall Out Boy","w.a.m.s.","255","2"
"Fall Out Boy","Tiffany Blews","256","2"
"White Lies","To Lose My Life (Filthy Dukes Remix)","257","2"
"Ellie Goulding","Starry Eyed","258","2"
"Andrew Combs","Too Stoned to Cry","259","2"
"Morgan Page","Tell Me Why","260","2"
"Owl City","Fireflies","261","2"
"Morgan Page","Only Human","262","2"
"Morgan Page","Return to Me","263","2"
"Morgan Page","Traces Remain","264","2"
"Fall Out Boy","Alpha Dog","265","2"
"Fall Out Boy","""From Now On We Are Enemies"" - Bonus Track","266","2"
"Fall Out Boy","Growing Up - Bonus Track","267","2"
"Fall Out Boy","Yule Shoot Your Eye Out - Bonus Track","268","2"
"Ellie Goulding","This Love (Will Be Your Downfall)","269","2"
"Benjamin Francis Leftwich","Shine","270","2"
"Infant Sorrow","Gang Of Lust","271","2"
"Infant Sorrow","African Child (Trapped In Me)","272","2"
"White Lies","Bigger Than Us","273","2"
"Morgan Page","I've Had Friends feat. Jan Burton","274","2"
"The Shoes","Time to Dance","275","2"
"Shawn McDonald","Rise","276","2"
"Ben Harper","Feel Love","277","2"
"Andrew Combs","big bad love","278","2"
"Frightened Rabbit","Dead Now","279","2"
"Bear's Den","Elysium","280","2"
"LP","Into the Wild","281","2"
"Frightened Rabbit","Holy","282","2"
"Frightened Rabbit","State Hospital","283","2"
"Bastille","Overjoyed - Distance Remix","284","2"
"N.W.A","I'd Rather Fuck You - Feat. Eazy-E","285","2"
"Rod Melancon","Living Like My Heroes","286","2"
"The Name","Distance (feat. Christine and the Queens)","287","2"
"The Last Bison","Quill","288","2"
"Andrew Duhon","The Moorings","289","2"
"Peter Peter","Tout prend son sens dans le miroir","290","2"
"Peter Peter","Reverbere","291","2"
"Peter Peter","MDMA","292","2"
"Peter Peter","Beaute baroque","293","2"
"Bastille","Bad Blood - Remix","294","2"
"Frightened Rabbit","Late March, Death March","295","2"
"Frightened Rabbit","Nitrous Gas","296","2"
"Frightened Rabbit","Housing (out)","297","2"
"Frightened Rabbit","The Oil Slick","298","2"
"Frightened Rabbit","The Woodpile","299","2"
"Frightened Rabbit","December's Traditions","300","2"
"Frightened Rabbit","Housing (in)","301","2"
"The Barr Brothers","Even The Darkness Has Arms","302","2"
"Bastille","Pompeii - Kat Krazy Remix","303","2"
"Fall Out Boy","My Songs Know What You Did in the Dark (Light Em Up)","304","2"
"Rod Melancon","Mad Talkin' Man","305","2"
"Fall Out Boy","Alone Together","306","2"
"Fall Out Boy","Where Did the Party Go","307","2"
"Fall Out Boy","Just One Yesterday","308","2"
"Betty Who","High Society","309","2"
"Macklemore & Ryan Lewis","Interview - Live From Spotify NYC","310","2"
"Hozier","Angel of Small Death and the Codeine Scene","311","2"
"White Lies","Getting Even","312","2"
"Lorde","Tennis Court","313","2"
"Magic Man","Chicagoland","314","2"
"Magic Man","Honey","315","2"
"The Mowgli's","Say It, Just Say It","316","2"
"Sam Smith","Latch - Acoustic","317","2"
"How Sad","Indian Summer","318","2"
"Hozier","Like Real People Do","319","2"
"N.W.A","Straight Outta Compton - Edit","320","2"
"White Lies","There Goes Our Love Again - GOOSE Version","321","2"
"Lorde","A World Alone","322","2"
"Lorde","Still Sane","323","2"
"Lorde","White Teeth Teens","324","2"
"Hozier","From Eden","325","2"
"High Highs","A Real Hero","326","2"
"Young Liars","Night Window","327","2"
"Bastille","Of The Night - MNEK Remix","328","2"
"Ceo","Wonderland","329","2"
"Hozier","Cherry Wine - Live","330","2"
"Sam Smith","Money on My Mind","331","2"
"Magic Man","Catherine","332","2"
"Stereoclip","Tramway - Original Mix","333","2"
"Nico & Vinz","Am I Wrong","334","2"
"Paloma Faith","Can't Rely on You","335","2"
"Dotan","Fall - Radio Edit","336","2"
"Tove Lo","Habits (Stay High)","337","2"
"Juxtaposition","Pompeii","338","2"
"Paloma Faith","The Bigger You Love (The Harder You Fall)","339","2"
"Strange Talk","Young Hearts","340","2"
"Glass Animals","Gooey","341","2"
"Miniature Tigers","Swimming Pool Blues","342","2"
"Little Dragon","Pretty Girls","343","2"
"Paloma Faith","Take Me","344","2"
"Paloma Faith","Taste My Own Tears","345","2"
"Paloma Faith","Trouble with My Baby","346","2"
"Paloma Faith","Impossible Heart","347","2"
"Rod Melancon","Marella","348","2"
"Kina Grannis","The Fire","349","2"
"Bleachers","Like a River Runs","350","2"
"Rod Melancon","Duck Festival Queen","351","2"
"Rod Melancon","Cushing Avenue","352","2"
"Rod Melancon","Different Man","353","2"
"Rod Melancon","Feathers","354","2"
"Bastille","Oblivion - Live From Capitol Studios / 2013","355","2"
"Cris Cab","Loves Me Not","356","2"
"Colony House","Silhouettes","357","2"
"Owl City","Beautiful Times","358","2"
"Ariana Grande","Problem","359","2"
"OK Go","The Writing's on the Wall","360","2"
"Lights","Up We Go","361","2"
"Jeff Beal","Same Mistake Twice","362","2"
"Jeff Beal","To Be King","363","2"
"Jeff Beal","Read To Me","364","2"
"Jeff Beal","Jackie Crosses Claire","365","2"
"Jeff Beal","Tusk Turns","366","2"
"Jeff Beal","One Degree Of Separation","367","2"
"Ben Howard","End of the Affair","368","2"
"Ben Howard","Small Things","369","2"
"Magic Man","Tonight","370","2"
"Magic Man","Too Much","371","2"
"The Courteeners","How Good It Was","372","2"
"The Gaslight Anthem","Stay Vicious","373","2"
"Hozier","Jackie and Wilson","374","2"
"Magic Man","Paris - Spotify Sessions Curated by Jim Eno","375","2"
"Magic Man","Texas - Spotify Sessions Curated by Jim Eno","376","2"
"Magic Man","It All Starts Here - Spotify Sessions Curated by Jim Eno","377","2"
"Ben Howard","She Treats Me Well","378","2"
"Ben Howard","All Is Now Harmed","379","2"
"Broiler","Wild Eyes","380","2"
"Social Distortion","Story of My Life","381","1"
"Nick Drake","Pink Moon","382","1"
"Badly Drawn Boy","The Shining","383","1"
"Elvis Presley","Hound Dog","384","1"
"Elvis Presley","Jailhouse Rock","385","1"
"Sade","By Your Side","386","1"
"Oasis","Wonderwall","387","1"
"Ben Harper","Beloved One","388","1"
"Garbage","Milk","389","1"
"Garbage","Only Happy When It Rains","390","1"
"Garbage","Stupid Girl","391","1"
"Madonna","The Power of Good-Bye","392","1"
"TLC","Waterfalls","393","1"
"Beck","Lost Cause","394","1"
"Elvis Presley","Don't Be Cruel","395","1"
"A Perfect Circle","The Hollow","396","1"
"A Perfect Circle","Rose","397","1"
"A Perfect Circle","Magdalena","398","1"
"Counting Crows","Round Here","399","1"
"Counting Crows","Mr. Jones","400","1"
"Counting Crows","Colorblind","401","1"
"Garbage","When I Grow Up","402","1"
"Bon Jovi","I'll Be There For You","403","1"
"Garbage","I Think I'm Paranoid","404","1"
"Counting Crows","Sullivan Street","405","1"
"Mariah Carey","All I Want for Christmas Is You","406","1"
"Guns N' Roses","Paradise City","407","1"
"Third Eye Blind","Semi-Charmed Life","408","1"
"Kenny Loggins","Danger Zone","409","1"
"Guns N' Roses","Sweet Child o' Mine","410","1"
"Rocket from the Crypt","On A Rope","411","1"
"Garbage","You Look So Fine","412","1"
"Garbage","Special","413","1"
"Counting Crows","Rain King","414","1"
"Bruce Springsteen","Born in the U.S.A.","415","1"
"Garbage","Push It","416","1"
"Phil Collins","Sussudio","417","1"
"Ben Harper","Waiting On an Angel","418","1"
"The Offspring","Why Don't You Get a Job?","419","1"
"Jack Johnson","Flake","420","1"
"Taking Back Sunday","You're So Last Summer","421","1"
"Counting Crows","Perfect Blue Buildings","422","1"
"Survivor","Eye of the Tiger","423","1"
"Counting Crows","Omaha","424","1"
"Third Eye Blind","How's It Going To Be","425","1"
"Garbage","The World Is Not Enough","426","1"
"Garbage","#1 Crush","427","1"
"Ben Harper","By My Side","428","1"
"Ben Harper","Gold To Me","429","1"
"Macy Gray","I Try","430","1"
"Bon Jovi","Lay Your Hands on Me","431","1"
"Billy Joel","Uptown Girl","432","1"
"Madonna","Human Nature","433","1"
"Damien Rice","Cannonball","434","1"
"The Offspring","Self Esteem","435","1"
"Def Leppard","Hysteria","436","1"
"David Gray","This Years Love","437","1"
"Bon Jovi","Blaze Of Glory","438","1"
"Def Leppard","Love Bites","439","1"
"Scorpions","Rock You Like a Hurricane","440","1"
"Michael Jackson","Thriller","441","1"
"Bon Jovi","Blood On Blood","442","1"
"Garbage","Shut Your Mouth","443","1"
"Taking Back Sunday","Cute Without the ""E"" (Cut from the Team)","444","1"
"Def Leppard","Pour Some Sugar on Me","445","1"
"I Am Kloot","Over My Shoulder","446","1"
"Ben Harper","Diamonds On the Inside","447","1"
"Cat Power","Sea of Love","448","1"
"Bon Jovi","Never Say Goodbye","449","1"
"White Zombie","Thunder Kiss '65","450","1"
"Collective Soul","Tremble for My Beloved","451","1"
"Culture Club","Karma Chameleon","452","1"
"Melissa Etheridge","The Prison","453","1"
"George Strait","The Fireman","454","1"
"George Strait","The Chair","455","1"
"Madonna","Material Girl","456","1"
"a-ha","Take on Me","457","1"
"Ani DiFranco","Egos Like Hairdos","458","1"
"Katrina and the Waves","Walking on Sunshine","459","1"
"Scorpions","No One Like You","460","1"
"Def Leppard","Armageddon It","461","1"
"Orbital","Belfast","462","1"
"Blackstreet","No Diggity","463","1"
"Orbital","Halcyon And On And On","464","1"
"Scorpions","Wind of Change","465","1"
"Scorpions","Send Me An Angel","466","1"
"Maroon 5","Not Falling Apart","467","1"
"Whitney Houston","Saving All My Love for You","468","1"
"Del Amitri","Tell Her This","469","1"
"Garbage","Cherry Lips (Go Baby Go)","470","1"
"Kyo","Le Chemin","471","1"
"Melissa Etheridge","Lover Please","472","1"
"Scorpions","Still Loving You","473","1"
"Ace of Base","The Sign","474","1"
"Skid Row","Youth Gone Wild","475","1"
"Melissa Etheridge","Walking On Water","476","1"
"Tina Turner","What's Love Got to Do With It","477","1"
"Patsy Cline","Walkin' After Midnight","478","1"
"Destiny's Child","Say My Name","479","1"
"Jill Sobule","Vrbana Bridge","480","1"
"Whitney Houston","Greatest Love of All","481","1"
"Def Leppard","Animal","482","1"
"Ben Harper","Not Fire Not Ice","483","1"
"Jill Sobule","The Couple on the Street","484","1"
"Wham!","Wake Me up Before You Go-Go","485","1"
"Jill Sobule","Supermodel","486","1"
"Bon Jovi","I'd Die For You","487","1"
"N.W.A","Fuck tha Police","488","1"
"Def Leppard","Rocket","489","1"
"N.W.A","If It Ain't Ruff","490","1"
"N.W.A","Straight Outta Compton","491","1"
"Joshua Kadison","Jessie","492","1"
"N.W.A","Parental Discretion Iz Advised","493","1"
"N.W.A","Gangsta Gangsta","494","1"
"N.W.A","Real Niggaz Don't Die","495","1"
"N.W.A","Real Niggaz","496","1"
"Bon Jovi","Without Love","497","1"
"Jill Sobule","Now That I Don't Have You","498","1"
"Cinderella","Gypsy Road","499","1"
"Cinderella","Don't Know What You Got (Till It's Gone)","500","1"
"Bon Jovi","Wild In The Streets","501","1"
"Josh Ritter","Come And Find Me","502","1"
"Melissa Etheridge","Down To One","503","1"
"Whitney Houston","I Wanna Dance with Somebody (Who Loves Me)","504","1"
"P!nk","Family Portrait","505","1"
"Stryper","In God We Trust","506","1"
"Kyo","Derniere Danse","507","1"
"Kyo","Je Cours","508","1"
"Warrant","Down Boys","509","1"
"Dido","White Flag - Radio Edit","510","1"
"The Postal Service","Such Great Heights","511","1"
"A Perfect Circle","Weak And Powerless","512","1"
"A Perfect Circle","The Nurse Who Loved Me","513","1"
"The Jackson 5","I Want You Back","514","1"
"A Perfect Circle","Vanishing","515","1"
"A Perfect Circle","The Outsider","516","1"
"A Perfect Circle","Pet","517","1"
"A Perfect Circle","The Noose","518","1"
"A Perfect Circle","A Stranger","519","1"
"A Perfect Circle","Blue","520","1"
"A Perfect Circle","Gravity","521","1"
"A Perfect Circle","Lullaby","522","1"
"A Perfect Circle","Crimes","523","1"
"blink-182","I Miss You","524","1"
"Over the Rhine","Jesus In New Orleans","525","1"
"Regina Spektor","Samson","526","1"
"The Perishers","Pills","527","1"
"Ryan Adams","Hotel Chelsea Nights","528","1"
"The J. Geils Band","Centerfold","529","1"
"Garbage","Queer","530","1"
"Chingy","One Call Away","531","1"
"Redbird","Moonshiner","532","1"
"Magnet","Where Happiness Lives","533","1"
"The Killers","Smile Like You Mean It","534","1"
"Lorrie Morgan","Something In Red","535","1"
"N.W.A","Sa Prize (Part 2)","536","1"
"N.W.A","Niggaz 4 Life","537","1"
"N.W.A","Protest","538","1"
"N.W.A","Appetite for Destruction","539","1"
"N.W.A","Don't Drink That Wine","540","1"
"N.W.A","Alwayz Into Somethin'","541","1"
"N.W.A","Message to B.A.","542","1"
"N.W.A","To Kill a Hooker","543","1"
"N.W.A","One Less Bitch","544","1"
"Kyo","Tout Envoyer En L'Air","545","1"
"Jon Bon Jovi","Blood Money","546","1"
"Bushwick Bill","Little Big Man","547","1"
"P!nk","Eventually","548","1"
"Mindy Smith","Hurricane","549","1"
"Joe Gonzalez","Heartbeats","550","1"
"Blue October","Breakfast After Ten","551","1"
"Elton John","Captain Fantastic And The Brown Dirt Cowboy","552","1"
"George Strait","The Cowboy Rides Away","553","1"
"Keith Whitley","I'm No Stranger To The Rain","554","1"
"Cinderella","The Last Mile","555","1"
"P!nk","Get the Party Started","556","1"
"P!nk","Dear Diary","557","1"
"Nizlopi","Freedom","558","1"
"Kyo","Je Saigne Encore","559","1"
"Cinderella","Shelter Me","560","1"
"George Strait","It Ain't Cool To Be Crazy About You","561","1"
"Eazy-E","Boyz N Tha Hood (G-Mix)","562","1"
"Donavon Frankenreiter","Free","563","1"
"P!nk","18 Wheeler","564","1"
"Jill Sobule","Living Color","565","1"
"Jill Sobule","Sad Beauty","566","1"
"Don Slepian","Awakening","567","1"
"Keith Whitley","Miami, My Amy","568","1"
"Keith Whitley","I'm Over You","569","1"
"Keith Whitley","I Wonder Do You Think Of Me","570","1"
"George Strait","You're Something Special To Me","571","1"
"Eazy-E","Any Last Werdz","572","1"
"Kings of Convenience","Homesick","573","1"
"Houston","I Like That","574","1"
"The Decemberists","We Both Go Down Together","575","1"
"Kyo","Je Te Vends Mon Ame","576","1"
"Lorrie Morgan","We Both Walk","577","1"
"Lorrie Morgan","Watch Me","578","1"
"George Strait","Nobody In His Right Mind Would've Left Her","579","1"
"George Strait","Second Chances","580","1"
"Orbital","The Box - part 2","581","1"
"Tiffany","I Think We're Alone Now","582","1"
"Ray LaMontagne","Jolene","583","1"
"Lorrie Morgan","Except For Monday","584","1"
"N.W.A","8 Ball","585","1"
"George Strait","Someone's Walkin' Around Upstairs","586","1"
"George Strait","Hot Burning Flames","587","1"
"George Strait","Without You Here","588","1"
"George Strait","My Heart Won't Wander Very Far From You","589","1"
"Jack Johnson","Better Together","590","1"
"Stephen Fretwell","Bad Bad You, Bad Bad Me","591","1"
"Gary Jules","Mad World (feat. Michael Andrews)","592","1"
"Kyo","Contact","593","1"
"Kyo","Sarah","594","1"
"Kyo","Ce Soir","595","1"
"Lorrie Morgan","A Picture Of Me (Without You)","596","1"
"Hal","Play The Hits","597","1"
"Jason Mraz","I'm Yours","598","1"
"Lauren Christy","Vanessa's Father","599","1"
"British Sea Power","Please Stand Up","600","1"
"Gary Stewart","An Empty Glass","601","1"
"Maroon 5","Can't Stop","602","1"
"New Order","Krafty","603","1"
"k.d. lang","Lock Stock and Teardrops","604","1"
"Eels","Hey Man (Now You're Really Living)","605","1"
"Kaiser Chiefs","Everyday I Love You Less and Less","606","1"
"Say Anything","Alive with the Glory of Love","607","1"
"Over the Rhine","Born","608","1"
"Garbage","Why Do You Love Me","609","1"
"Garbage","Bleed Like Me","610","1"
"P!nk","Respect","611","1"
"P!nk","Lonely Girl","612","1"
"Yann Tiersen","Comptine d'un autre","613","1"
"the everybodyfields","Silver Garden","614","1"
"Regina Spektor","Fidelity","615","1"
"Phantom Planet","California - Tchad Blake Mix","616","1"
"Corinne Bailey Rae","Put Your Records On","617","1"
"Corinne Bailey Rae","Like a Star","618","1"
"Kyo","Comme Des Freres","619","1"
"Horace Trahan","That Butt Thing","620","1"
"Everlasting Hitman","Bounce Baby Bounce","621","1"
"Randy Rogers Band","An Empty Glass (That's The Way The Day Ends)","622","1"
"Dashboard Confessional","Don't Wait","623","1"
"Josh Pyke","Middle Of The Hill","624","1"
"The Dykeenies","Waiting For Go","625","1"
"the everybodyfields","Good to be Home","626","1"
"the everybodyfields","In Your Boots","627","1"
"the everybodyfields","Magazines","628","1"
"the everybodyfields","Leaving","629","1"
"the everybodyfields","Arletta","630","1"
"the everybodyfields","Baby Please","631","1"
"the everybodyfields","Out of Town","632","1"
"the everybodyfields","Can't Have It","633","1"
"the everybodyfields","Fade Jeans Blue","634","1"
"the everybodyfields","Angels","635","1"
"the everybodyfields","The Only King","636","1"
"MC Spud","Creepin","637","1"
"The Weepies","World Spins Madly On","638","1"
"Kelly Clarkson","Already Gone","639","1"
"Epo-555","Hyperschlieb","640","1"
"Ben Harper","Morning Yearning","641","1"
"Angelo & Veronica","God Ambition","642","1"
"Paolo Nutini","Million Faces","643","1"
"Taking Back Sunday","MakeDamnSure","644","1"
"Ben Harper","Happy Everafter in Your Eyes","645","1"
"P!nk","Just Like A Pill - Main","646","1"
"P!nk","Numb - Dallas Mix/LP Version","647","1"
"Mika","Grace Kelly","648","1"
"P!nk","Don't Let Me Get Me - LP Version/Radio Edit","649","1"
"Brett Bixby","Fireside","650","1"
"Maroon 5","Won't Go Home Without You","651","1"
"Maroon 5","If I Never See Your Face Again","652","1"
"Maroon 5","Makes Me Wonder","653","1"
"Maroon 5","Sugar","654","1"
"Chris O'Brien","Ocean Stone","655","1"
"Chingy","Pullin' Me Back","656","1"
"Scouting for Girls","She's So Lovely","657","1"
"Tim Smooth","I Got To Have It","658","1"
"Michael Jackson","Beat It - Single Version","659","1"
"Stornoway","I Saw You Blink","660","1"
"Mika","Lollipop","661","1"
"The Kooks","Do You Love Me Still?","662","1"
"The Black Ghosts","Full Moon","663","1"
"Spice Girls","Wannabe - Radio Edit","664","1"
"The Tellers","Second Category","665","1"
"Interpol","The Heinrich Maneuver","666","1"
"Amy Winehouse","You Know I'm No Good","667","1"
"The Higher","Insurance?","668","1"
"The Apples in Stereo","Energy","669","1"
"Joe Purdy","Make It Up","670","1"
"Belleruche","Minor Swing","671","1"
"Iron & Wine","Flightless Bird, American Mouth","672","1"
"Adele","Hometown Glory","673","1"
"Chairlift","Bruises","674","1"
"Fall Out Boy","Thriller","675","1"
"Stornoway","Zorbing","676","1"
"Amy Winehouse","Valerie","677","1"
"Kevin Devine","Holland, 1945","678","1"
"The Comas","Red Microphones","679","1"
"Christophe Mae","On s'attache","680","1"
"Fall Out Boy","I'm Like a Lawyer With the Way I'm Always Trying to Get You Off (Me & You)","681","1"
"the everybodyfields","Tuesday","682","1"
"Feist","1234","683","1"
"Arctic Monkeys","Fluorescent Adolescent","684","1"
"The Rees Shad Band","The Mrs. & Me","685","1"
"Travis Matte and the Zydeco Kingpins","Booty Call","686","1"
"Maroon 5","Wake Up Call","687","1"
"The National","Mistaken for Strangers","688","1"
"Duffy","Warwick Avenue","689","1"
"Wheat","i had angels watching over me","690","1"
"Maroon 5","Little of Your Time","691","1"
"Maroon 5","Nothing Lasts Forever","692","1"
"Get Him Eat Him","2 x 2","693","1"
"Funeral for a Friend","Into Oblivion (Reunion)","694","1"
"Tim McGraw","Shotgun Rider","695","1"
"Linkin Park","Leave Out All the Rest","696","1"
"Ben Harper","In the Colors","697","1"
"Maroon 5","Goodnight Goodnight","698","1"
"Adele","Chasing Pavements","699","1"
"Fall Out Boy","Beat It","700","1"
"Hans Zimmer","Hoist the Colours","701","1"
"Kate Ryan","Desenchantee - Radio Edit","702","1"
"the everybodyfields","Don't Turn Around","703","1"
"Orbital","Dr Who? (2004)","704","1"
"the everybodyfields","Be Miner","705","1"
"Beirut","Nantes","706","1"
"Owl City","Hello Seattle","707","1"
"Paloma Faith","My Legs Are Weak","708","1"
"Yael Naim","New Soul","709","1"
"A.A. Bondy","Mightiest of Guns","710","1"
"the everybodyfields","Over and Done","711","1"
"the everybodyfields","Birthday","712","1"
"Blue Foundation","Eyes on Fire","713","1"
"Jack Johnson","I Got You","714","1"
"P!nk with Steven Tyler","Misery","715","1"
"Patsy Cline","Crazy - Single Version","716","1"
"Sons and Daughters","Gilt Complex","717","1"
"The Dykeenies","Sounds of the City","718","1"
"Damien Jurado","Sheets","719","1"
"Ian Britt","The Shape of Us","720","1"
"Katie Herzig","I Hurt Too","721","1"
"Duffy","Mercy","722","1"
"Adele","Melt My Heart to Stone","723","1"
"Laura Marling","Ghosts","724","1"
"Frightened Rabbit","Nothing Like You","725","1"
"Bon Iver","Blood Bank","726","1"
"Adele","Make You Feel My Love","727","1"
"Morgan Page","Fade Away","728","1"
"Morgan Page","The Longest Road","729","1"
"The Airborne Toxic Event","Sometime Around Midnight","730","1"
"She & Him","Why Do You Let Me Stay Here?","731","1"
"Jason Mraz","A Beautiful Mess","732","1"
"Owl City","The Saltwater Room","733","1"
"Rihanna","Take a Bow","734","1"
"Owl City","On the Wing","735","1"
"Chase Coy","Never Change","736","1"
"Damien Jurado","Everything Trying","737","1"
"Peter Bradley Adams","The Longer I Run","738","1"
"Jenny Owen Youngs","Fuck Was I - Morgan Page Remix","739","1"
"Chris Trapper","Avalanche","740","1"
"Madonna","4 Minutes - feat. Justin Timberlake and Timbaland","741","1"
"Blitzen Trapper","Lady on the Water","742","1"
"Fall Out Boy","Beat It - Studio Version","743","1"
"Mumford & Sons","Little Lion Man","744","1"
"John Mayer","Free Fallin' - Live at the Nokia Theatre","745","1"
"Ellie Goulding","The Writer","746","1"
"Mitch Hedberg","Door Deal","747","1"
"Mitch Hedberg","The Improv Fairy Tale","748","1"
"Andrew Whitman","Sinner's Sonnet","749","1"
"William Fitzsimmons","I Don't Feel It Anymore (Song of the Sparrow)","750","1"
"William Fitzsimmons","After Afterall","751","1"
"Ingrid Michaelson","You And I","752","1"
"The King Blues","Out Of Luck","753","1"
"Paramore","Decode","754","1"
"Carter Burwell","Bella's Lullaby","755","1"
"Florence + the Machine","Dog Days Are Over","756","1"
"Fall Out Boy","West Coast Smoker","757","1"
"Lily Allen","Not Fair","758","1"
"Ellie Goulding","Guns and Horses","759","1"
"Mumford & Sons","The Cave","760","1"
"Paolo Nutini","Better Man","761","1"
"Eric Margan & The Red Lions","Bay of Naples","762","1"
"Owl City","The Bird and The Worm","763","1"
"Mutemath","Spotlight","764","1"
"Parachute","She Is Love","765","1"
"Korn","Falling away from me - live","766","1"
"Andrew Duhon","I Miss My Home","767","1"
"Wolf Gang","The King and All of His Men","768","1"
"Korn","Freak On A Leash - Feat. Amy Lee","769","1"
"Owl City","Sunburn","770","1"
"Diane Birch","Nothing But A Miracle","771","1"
"White Lies","Farewell To The Fairground - Single Mix","772","1"
"White Lies","To Lose My Life - Tommy Sparks re-mix","773","1"
"Rehab","Bartender Song (Sittin' At A Bar) - Alt/Rock Mix","774","1"
"The Courteeners","Sycophant","775","1"
"Morgan Page","Coming Home","776","1"
"Morgan Page","In the Dark","777","1"
"Owl City","Hot Air Balloon","778","1"
"Freelance Whales","Broken Horse","779","1"
"White Lies","Love Lockdown - Radio 1 Live Lounge Version","780","1"
"Veronica Lake","Now You See It Now You Don't - From This Gun For Hire","781","1"
"Owl City","Strawberry Avalanche","782","1"
"Frightened Rabbit","Swim Until You Can't See Land","783","1"
"Frightened Rabbit","The Wrestle","784","1"
"Frightened Rabbit","Things","785","1"
"Frightened Rabbit","Skip the Youth","786","1"
"Muse","Supermassive Black Hole - Twilight Soundtrack Version","787","1"
"Paramore","I Caught Myself - Twilight Soundtrack Version","788","1"
"Ellie Goulding","Every Time You Go","789","1"
"Paloma Faith","Romance Is Dead","790","1"
"Noah and the Whale","The First Days Of Spring","791","1"
"Coldplay","Magic","792","1"
"Orbital","Halcyon [Tom Middleton Re-Model]","793","1"
"Owl City","Dental Care","794","1"
"Owl City","Meteor Shower","795","1"
"Owl City","The Tip Of The Iceberg","796","1"
"Owl City","Vanilla Twilight","797","1"
"Owl City","Tidal Wave","798","1"
"John Mayer","Who Says","799","1"
"Ron Pope","Snow Song","800","1"
"Owl City","Cave In","801","1"
"Owl City","Umbrella Beach","802","1"
"The Black Atlantic","I Shall Cross This River","803","1"
"Train","Hey, Soul Sister","804","1"
"Ellie Goulding","Under the Sheets","805","1"
"Lady Antebellum","Need You Now","806","1"
"30 Seconds to Mars","This Is War","807","1"
"Paloma Faith","Stargazer","808","1"
"Paloma Faith","Play On","809","1"
"Paloma Faith","New York (radio edit)","810","1"
"Mario Winans","I Don't Wanna Know - Amended Version","811","1"
"Owl City","Butterfly Wings","812","1"
"Orbital","Cell","813","1"
"Death Cab for Cutie","Meet Me on the Equinox","814","1"
"Bobby Long","Being A Mockingbird - Live","815","1"
"Michael Kiwanuka","Home Again","816","1"
"Paloma Faith","Sexy Chick","817","1"
"He Is We","Happily Ever After","818","1"
"Lykke Li","Possibility","819","1"
"John Schmitt","Ophelia","820","1"
"Frightened Rabbit","The Loneliness and the Scream","821","1"
"Frightened Rabbit","Man/bag of Sand","822","1"
"Rod Melancon","Louisiana Night","823","1"
"James Vincent McMorrow","And If My Heart Should Somehow Stop","824","1"
"James Vincent McMorrow","Hear the Noise That Moves So Soft and Low","825","1"
"Owl City","Rugs From Me To You","826","1"
"Ed Sheeran","The A Team","827","1"
"Family of the Year","Hero","828","1"
"DJ Jimi","Bitches - Reply","829","1"
"Benjamin Francis Leftwich","Butterfly Culture","830","1"
"White Lies","Strangers","831","1"
"The Civil Wars","To Whom It May Concern","832","1"
"Admiral Fallow","Taste The Coast","833","1"
"The Naked and Famous","Young Blood","834","1"
"Katy Perry","California Gurls - feat. Snoop Dogg","835","1"
"Agnes Obel","Brother Sparrow","836","1"
"The Lumineers","Flowers in Your Hair","837","1"
"Katy Perry","Firework","838","1"
"The Head and the Heart","Lost In My Mind","839","1"
"Ben Harper","I Will Not Be Broken","840","1"
"Jesse Cole","Same As the Sun","841","1"
"Paloma Faith","New York - BBC Radio 2 Live Version","842","1"
"Mac Miller","Knock Knock","843","1"
"Passenger","What You're Thinking (feat. Josh Pyke)","844","1"
"White Lies","Is Love","845","1"
"White Lies","Holy Ghost","846","1"
"Jenny Lewis","Just One of the Guys","847","1"
"Maroon 5","Never Gonna Leave This Bed","848","1"
"Tim Smooth","I Dont Give A Damn About Ya Boyfriend","849","1"
"White Lies","Streetlights","850","1"
"To Kill a King","Bloody Shirt","851","1"
"White Lies","Peace & Quiet","852","1"
"White Lies","Bad Love","853","1"
"Zaz","La vie en rose","854","1"
"Parov Stelar","Booty Swing","855","1"
"Perrin Lamb","Everyone's Got Something","856","1"
"Owl City","Tokyo","857","1"
"Andrew Combs","Lonely Side Of Love","858","1"
"White Lies","Turn the Bells","859","1"
"Adele","Someone Like You","860","1"
"Adele","Turning Tables","861","1"
"Adele","Set Fire to the Rain","862","1"
"White Lies","Come Down","863","1"
"White Lies","The Power & the Glory","864","1"
"Noah and the Whale","L.I.F.E.G.O.E.S.O.N.","865","1"
"Half Moon Run","Full Circle","866","1"
"Susie Suh","I Do","867","1"
"Josh Wilson","Know By Now","868","1"
"Imagine Dragons","It's Time","869","1"
"White Lies","Bigger Than Us - Datassette Remix","870","1"
"Panic! at the Disco","The Ballad of Mona Lisa","871","1"
"Daniela Andrade","Bright Blue","872","1"
"Explosions in the Sky","Trembling Hands","873","1"
"Niva","Lost Patience","874","1"
"Trent Dabbs","Me & God","875","1"
"Alex Turner","It's Hard to Get Around the Wind","876","1"
"Ben Harper","Don't Give Up On Me Now","877","1"
"Ben Harper","Clearly Severely","878","1"
"Ben Harper","Spilling Faith","879","1"
"Ben Harper","Get There From Here","880","1"
"Ben Harper","Pray That Our Love Sees The Dawn","881","1"
"Ben Harper","Waiting On A Sign","882","1"
"Ben Harper","Dirty Little Lover","883","1"
"Ben Harper","Do It For You, Do It For Us","884","1"
"Ben Harper","Rock 'N' Roll Is Free","885","1"
"Of Monsters and Men","Dirty Paws","886","1"
"Beirut","Santa Fe","887","1"
"White Lies","Holy Ghost - Single Mix - Extended","888","1"
"Two Door Cinema Club","Sleep Alone","889","1"
"White Lies","Holy Ghost - The Bookhouse Boys Remix","890","1"
"White Lies","Holy Shit - Shitdisco-Tech Remix","891","1"
"Morgan Page","Peace And Hate - Morgan Page Remix","892","1"
"Morgan Page","Fight for You - Downtempo Mix","893","1"
"Barenaked Ladies","Maybe You're Right - 5.1 Mix","894","1"
"Morgan Page","Dirty Laundry - Morgan Page Remix","895","1"
"Macklemore & Ryan Lewis","Can't Hold Us (feat. Ray Dalton)","896","1"
"Ryan Adams","I Love You But I Don't Know What To Say","897","1"
"Famy","Ava","898","1"
"Saving Jane","Sleep On It - Artist Choice Version","899","1"
"Carly Rae Jepsen","Call Me Maybe","900","1"
"Tom Odell","Another Love","901","1"
"Owl City","I Hope You Think of Me","902","1"
"Lights","Banner (Acoustic)","903","1"
"Scorpions","Rhythm Of Love - 2011 Version","904","1"
"Scorpions","No One Like You - 2011 Version","905","1"
"Scorpions","The Zoo - 2011 Version","906","1"
"Scorpions","Wind Of Change - 2011 Version","907","1"
"Jules Larson","True Colors","908","1"
"Coldplay","True Love","909","1"
"Bombay Bicycle Club","Home by Now","910","1"
"Holly Starr","Let Go","911","1"
"Admiral Fallow","Beetle in the Box","912","1"
"Alexandre Desplat","The Swings of Central Park","913","1"
"Skylar Grey","Love The Way You Lie - Part III (Original Demo)","914","1"
"Lucette","Bobby Reid","915","1"
"Noah Gundersen","Ledges","916","1"
"Parov Stelar","All Night","917","1"
"Jasmine Kennedy","Percy Anderson","918","1"
"Geron Hoy","Jar","919","1"
"The 1975","Chocolate","920","1"
"Nick Urb","We Were Able","921","1"
"Passion Pit","Carried Away","922","1"
"Maroon 5","Payphone","923","1"
"Poison","Cry Tough - 2006 - Remaster","924","1"
"The Corrs","Old Town - MTV Unplugged Version","925","1"
"Poison","Talk Dirty To Me - 2006 - Remaster","926","1"
"Poison","Nothin' But A Good Time - 2006 - Remaster","927","1"
"Bastille","Overjoyed - Yeasayer Remix","928","1"
"Bastille","Overjoyed - Ghostwriter Remix","929","1"
"Bastille","Overjoyed - Detour City Redux","930","1"
"Poison","Unskinny Bop - 2006 - Remaster","931","1"
"Vance Joy","Riptide","932","1"
"Phillip Phillips","Home","933","1"
"Rod Melancon","Angola Blues","934","1"
"Rod Melancon","Lay Me Down","935","1"
"Rod Melancon","Lord Knows","936","1"
"Rod Melancon","Long Lost Friend","937","1"
"Rod Melancon","Love Without Pain","938","1"
"Rod Melancon","Reggie","939","1"
"Rod Melancon","She Calls Me","940","1"
"Rod Melancon","By Her Side","941","1"
"Rod Melancon","Kind Woman (feat. Herb Pedersen)","942","1"
"Cady Groves","Love Actually","943","1"
"David Bowie","Let's Dance - Single Version;2002 - Remaster","944","1"
"Paolo Nutini","One Day","945","1"
"Pantless Knights","The New Dork (Parody of Empire State of Mind)","946","1"
"Bastille","Bad Blood (F*U*G*Z Remix) [feat. F. Stokes & Kenzie May]","947","1"
"Andrew Duhon","Just Another Beautiful Girl","948","1"
"Andrew Duhon","Evelyn","949","1"
"Andrew Duhon","Tandem Bike","950","1"
"Peter Peter","Le monde n'y peut rien","951","1"
"Peter Peter","Rien ne se perd, rien ne se cree","952","1"
"Peter Peter","Barbes-Rochechouart","953","1"
"Taylor Swift","We Are Never Ever Getting Back Together","954","1"
"Youngblood Hawke","Stars (Hold On)","955","1"
"Bastille","Bad Blood - Lunice Remix","956","1"
"Andrew Duhon","Shelter You Through","957","1"
"Flume","Sleepless (feat. Jezzabell Doran)","958","1"
"Cut Ribbons","Luna","959","1"
"Milky Chance","Stolen Dance","960","1"
"Orbital","Pusher Theme","961","1"
"Bon Iver","Wash. - St. South Remix","962","1"
"Orbital","Pay Me The Money","963","1"
"Orbital","Driving And Clubbing","964","1"
"Orbital","Turkish Tension","965","1"
"Orbital","Bridge Deal","966","1"
"Orbital","Cutting And Doing","967","1"
"Orbital","Chase","968","1"
"Orbital","Frank Mirror","969","1"
"Orbital","Haken Bar","970","1"
"Orbital","Serious Pet Shop","971","1"
"Orbital","VVIP","972","1"
"Orbital","Heroin Bath","973","1"
"Orbital","Pet Shop Suicide","974","1"
"Orbital","Frank Car Freak","975","1"
"Orbital","Kiss","976","1"
"Orbital","Coffee Kneecaps","977","1"
"Orbital","Safe Kitchen","978","1"
"Orbital","Party Freak","979","1"
"Orbital","Cab to Danaka's","980","1"
"Taylor Swift","I Knew You Were Trouble","981","1"
"Taylor Swift","I Knew You Were Trouble.","982","1"
"Ben Harper","Crazy Amazing","983","1"
"Taylor Swift","22","984","1"
"Ra Ra Riot","Dance With Me","985","1"
"Lilly Wood & The Prick","Where I Want to Be (California)","986","1"
"Bastille","Flaws - Cinematic's in My Soul Remix","987","1"
"Bastille","Flaws - Live from the Scala","988","1"
"Tom Tykwer","Prelude: The Atlas March","989","1"
"Magic Man","Texas","990","1"
"The Last Bison","Inheritance","991","1"
"Owl City","Hey Anna","992","1"
"Lorde","Royals","993","1"
"Lorde","Bravado","994","1"
"Lorde","Million Dollar Bills","995","1"
"Lorde","The Love Club","996","1"
"Lorde","Biting Down","997","1"
"Bear's Den","Isaac","998","1"
"Bastille","Pompeii - Monsieur Adi Remix","999","1"
"John Smith","Great Lakes","1000","1"
"Bear's Den","When You Break","1001","1"
"Jamestown Revival","California (Cast Iron Soul)","1002","1"
"Stromae","Tous les memes","1003","1"
"Villagers","Nothing Arrived - Live from Spotify London","1004","1"
"Sia","Eye of the Needle","1005","1"
"Bastille","Things We Lost in the Fire - Live At KOKO","1006","1"
"Bastille","Pompeii - Tyde Remix","1007","1"
"Bastille","Bad Blood - Live At KOKO","1008","1"
"Bastille","Bad Blood - Live Piano Version","1009","1"
"Boho Dancer","Fictional Reasons","1010","1"
"MisterWives","Vagabond","1011","1"
"Bastille","Laura Palmer - Live At KOKO","1012","1"
"Bastille","Pompeii - Live At KOKO","1013","1"
"Bastille","Flaws - Live At KOKO","1014","1"
"Ben Harper","Nobody's Fault But Mine - Live in Byron Bay Australia","1015","1"
"Ben Harper","Please Bleed - Live In NYC","1016","1"
"Ben Harper","Alone - Live in Paris","1017","1"
"Ben Harper","Burn To Shine - Live in Angers, France","1018","1"
"Ben Harper","The Woman In You - Live in Angers, France","1019","1"
"Ben Harper","Steal My Kisses - Live In Seattle","1020","1"
"Stereoclip","Shivering Sense","1021","1"
"Reputante","Sing To You","1022","1"
"Troye Sivan","The Fault in Our Stars","1023","1"
"Naughty Boy","La La La","1024","1"
"Magic Man","Nova Scotia","1025","1"
"Houndmouth","On the Road","1026","1"
"Christophe Mae","Tombe sous le charme","1027","1"
"Kat Dahlia","Crazy","1028","1"
"Fall Out Boy","The Phoenix","1029","1"
"La Roux","Uptight Downtown","1030","1"
"Andrew Duhon","Land Rush","1031","1"
"Andrew Duhon","Girls From Other Countries","1032","1"
"Andrew Duhon","Feelin' Low Down","1033","1"
"Fall Out Boy","The Phoenix - Commentary","1034","1"
"Fall Out Boy","Thriller - Live At The Cricket Pavillion /2007","1035","1"
"Fall Out Boy","This Ain't A Scene, It's An Arms Race - Live At The Cricket Pavillion /2007","1036","1"
"Fall Out Boy","Sugar, We're Goin Down - Live At The Cricket Pavillion /2007","1037","1"
"Fall Out Boy","Our Lawyer Made Us Change The Name Of This Song So We Wouldn't Get Sued - Live At The Cricket Pavillion /2007","1038","1"
"Fall Out Boy","Hum Hallelujah - Live At The Cricket Pavillion /2007","1039","1"
"Fall Out Boy","Tell That Mick He Just Made My List Of Things To Do Today - Live At The Cricket Pavillion /2007","1040","1"
"Fall Out Boy","Thnks fr th Mmrs - Live At The Cricket Pavillion /2007","1041","1"
"Fall Out Boy","A Little Less Sixteen Candles, A Little More ""Touch Me"" - Live At The Cricket Pavillion /2007","1042","1"
"Fall Out Boy","I'm Like A Lawyer With The Way I'm Always Trying To Get You Off (Me & You) - Live At The Cricket Pavillion /2007","1043","1"
"Fall Out Boy","Golden - Live At The Cricket Pavillion /2007","1044","1"
"Fall Out Boy","""The Take Over, The Breaks Over"" - Live At The Cricket Pavillion /2007","1045","1"
"Fall Out Boy","Dance, Dance - Live At The Cricket Pavillion /2007","1046","1"
"Fall Out Boy","Saturday - Live At The Cricket Pavillion /2007","1047","1"
"Fall Out Boy","My Songs Know What You Did In The Dark (Light Em Up) - Commentary","1048","1"
"Fall Out Boy","Alone Together - Commentary","1049","1"
"Fall Out Boy","Where Did The Party Go - Commentary","1050","1"
"Fall Out Boy","Just One Yesterday - Commentary","1051","1"
"Fall Out Boy","The Mighty Fall - Commentary","1052","1"
"Fall Out Boy","Miss Missing You - Commentary","1053","1"
"Rudimental","Free (feat. Emeli Sandee)","1054","1"
"Slow Club","Tears Of Joy","1055","1"
"A Great Big World","Shorty Don't Wait","1056","1"
"Macklemore & Ryan Lewis","Same Love - Live From Spotify NYC feat. Mary Lambert","1057","1"
"Macklemore & Ryan Lewis","Thrift Shop - Live From Spotify NYC feat. Wanz","1058","1"
"Grizfolk","The Struggle","1059","1"
"Vaudeville Etiquette","Devil's Daughter","1060","1"
"Zaz","Laissez-moi - Bonus track","1061","1"
"Blake Mills","Don't Tell Our Friends About Me","1062","1"
"Sylvan Esso","Hey Mami","1063","1"
"Jeremy Loops","Sinner","1064","1"
"White Lies","Mother Tongue","1065","1"
"White Lies","First Time Caller","1066","1"
"White Lies","Be Your Man","1067","1"
"White Lies","Big TV","1068","1"
"Bellstop","Trouble","1069","1"
"Carolina Story","ALMOST OVER NOW","1070","1"
"Bastille","Laura Palmer - Imagine Dragons Remix","1071","1"
"Bastille","Thinkin Bout You - feat. O.N.E.","1072","1"
"Bastille","Laura Palmer - RAC Mix","1073","1"
"Bastille","Laura Palmer - Kat Krazy Remix","1074","1"
"Lorde","Swingin Party","1075","1"
"Dawn Landes","Try to Make a Fire Burn Again","1076","1"
"Grouplove","Ways To Go","1077","1"
"St. South","Slacks","1078","1"
"White Lies","There Goes Our Love Again","1079","1"
"White Lies","Space I","1080","1"
"White Lies","Change","1081","1"
"White Lies","Space II","1082","1"
"White Lies","Tricky to Love","1083","1"
"White Lies","Goldmine","1084","1"
"Lera Lynn","Out To Sea","1085","1"
"Rayland Baxter","Bad Things","1086","1"
"Sarah Jarosz","Build Me Up From Bones","1087","1"
"O.A.R.","Peace","1088","1"
"Lorde","Buzzcut Season","1089","1"
"Sara Bareilles","I Choose You","1090","1"
"Lorde","Ribs","1091","1"
"Lorde","400 Lux","1092","1"
"Owl City","Good Time - Acoustic","1093","1"
"Owl City","Shooting Star - Acoustic","1094","1"
"Owl City","Gold - Acoustic","1095","1"
"White Lies","There Goes Our Love Again - TORN Remix","1096","1"
"White Lies","There Goes Our Love Again - Hostage Remix","1097","1"
"Bastille","Things We Lost in the Fire - TORN Remix","1098","1"
"Joe Gonzalez","Stay Alive","1099","1"
"Mayday Parade","Ghosts","1100","1"
"Tal","Tombe du ciel","1101","1"
"Tal","Pas celle qu'on impressionne","1102","1"
"Tal","Le passe","1103","1"
"Paloma Faith","Love Only Leaves You Lonely","1104","1"
"We Are Twin","Keep On Lovin' You","1105","1"
"We Are Twin","True Love","1106","1"
"White Lies","There Goes Our Love Again - Live At Hoxton Bar & Kitchen, London / 2013","1107","1"
"White Lies","First Time Caller - Live At Hoxton Bar & Kitchen, London / 2013","1108","1"
"White Lies","Farewell To The Fairground - Live At Hoxton Bar & Kitchen, London / 2013","1109","1"
"White Lies","Getting Even - Live At Hoxton Bar & Kitchen, London / 2013","1110","1"
"White Lies","To Lose My Life - Live At Hoxton Bar & Kitchen, London / 2013","1111","1"
"White Lies","Unfinished Business - Live At Hoxton Bar & Kitchen, London / 2013","1112","1"
"White Lies","Bigger Than Us - Live At Hoxton Bar & Kitchen, London / 2013","1113","1"
"Bastille","Things We Lost in the Fire - Tyde Remix","1114","1"
"Katy Perry","Dark Horse","1115","1"
"Ezra Vine","Celeste","1116","1"
"Jason Mraz","Long Drive","1117","1"
"Julien Dore","London nous aime","1118","1"
"Julien Dore","Platini","1119","1"
"Dry the River","Gethsemane","1120","1"
"George Ezra","Budapest","1121","1"
"Ejecta","Afraid of the Dark","1122","1"
"James Vincent McMorrow","Cavalier","1123","1"
"Bastille","We Can't Stop (Originally by Miley Cyrus)","1124","1"
"ODESZA","Without You","1125","1"
"Sylvan Esso","Coffee","1126","1"
"Justin Timberlake","Not a Bad Thing","1127","1"
"Bear's Den","Sophie","1128","1"
"Bastille","Things We Lost In The Fire - beGun Remix","1129","1"
"The 1975","What Makes You Beautiful (Originally by One Direction)","1130","1"
"Echosmith","Tell Her You Love Her","1131","1"
"Echosmith","Bright","1132","1"
"School Is Cool","Tryst","1133","1"
"Michael Prins","Lover And A Man","1134","1"
"Little India","Sleep","1135","1"
"Owl City","Light Of Christmas (feat. TobyMac)","1136","1"
"Maroon 5","Animals","1137","1"
"Gabriel Rios","Gold","1138","1"
"James Bay","Let It Go","1139","1"
"Lorde","Royals - Live In Concert 2013","1140","1"
"Ed Sheeran","Tenerife Sea","1141","1"
"Ella Eyre","Deeper","1142","1"
"Lorde","Buzzcut Season - Live In Concert 2013","1143","1"
"Lorde","Swingin Party - Live In Concert 2013","1144","1"
"Lorde","400 Lux - Live In Concert 2013","1145","1"
"Saol Elainn","Nostroke","1146","1"
"Bastille","Of The Night - Kove Remix","1147","1"
"Ceo","Harakiri","1148","1"
"Ceo","Mirage","1149","1"
"Bastille","Of The Night - Icarus Remix","1150","1"
"The Notwist","Kong","1151","1"
"The Chainsmokers","#SELFIE","1152","1"
"William Fitzsimmons","Josie's Song","1153","1"
"William Fitzsimmons","Well Enough","1154","1"
"William Fitzsimmons","Brandon","1155","1"
"William Fitzsimmons","Took","1156","1"
"William Fitzsimmons","Fortune","1157","1"
"Future Islands","Seasons (Waiting on You)","1158","1"
"Whitney Houston","I Have Nothing - Remastered","1159","1"
"Stereoclip","Grim Wish - Original Mix","1160","1"
"Stereoclip","Lost In Brussels - Original Mix","1161","1"
"Stereoclip","No Fuss - Original Mix","1162","1"
"Stereoclip","Easy Field - Original Mix","1163","1"
"Stereoclip","Lunar - Original Mix","1164","1"
"Stereoclip","Cohiba Smoker - Original Mix","1165","1"
"Stereoclip","Take Off - Arapaima Vox","1166","1"
"Stereoclip","Lost In Brussels - N'TO Remix","1167","1"
"Emily Wolfe","Accident","1168","1"
"Owl City","Up All Night","1169","1"
"Chef'Special","In Your Arms","1170","1"
"James Bay","If You Ever Want to Be in Love","1171","1"
"Sam Smith","Make It to Me","1172","1"
"Dawn Golden","All I Want","1173","1"
"NEEDTOBREATHE","The Heart","1174","1"
"Lana Del Rey","Ultraviolence","1175","1"
"Paloma Faith","Mouth to Mouth","1176","1"
"Kelis","Rumble","1177","1"
"Lana Del Rey","Once Upon a Dream","1178","1"
"Nickel Creek","Destination","1179","1"
"Iggy Azalea","Fancy","1180","1"
"Magic!","Rude (Acoustic)","1181","1"
"Coasts","A Rush of Blood","1182","1"
"Dan Wilson","Love Without Fear","1183","1"
"MO","Say You'll Be There","1184","1"
"The Secret Sisters","Rattle My Bones","1185","1"
"Paloma Faith","Other Woman","1186","1"
"Paloma Faith","It's the Not Knowing","1187","1"
"Big Data","Dangerous (feat. Joywave)","1188","1"
"Dead or Alive","You Spin Me Round (Like a Record) - 7"" Mix","1189","1"
"Kids Of Adelaide","Old One","1190","1"
"Pharrell Williams","Know Who You Are (duet with Alicia Keys)","1191","1"
"Rod Melancon","Wanna Go for a Ride","1192","1"
"Wolf Gang","Black River","1193","1"
"Sam Smith","Good Thing","1194","1"
"Dylan Gardner","Let's Get Started","1195","1"
"Joseph","Lifted Away","1196","1"
"Lane 8","Nothing You Can Say - Radio Edit","1197","1"
"Hozier","To Be Alone","1198","1"
"The Common Linnets","Calm After The Storm - Radio Edit","1199","1"
"Ray LaMontagne","Airwaves","1200","1"
"Hozier","In A Week","1201","1"
"Glass Animals","Walla Walla","1202","1"
"Kiesza","What Is Love","1203","1"
"The Black Keys","Gotta Get Away","1204","1"
"First Aid Kit","My Silver Lining","1205","1"
"Jukebox the Ghost","Postcard","1206","1"
"Jack White","Lazaretto","1207","1"
"BORNS","Electric Love","1208","1"
"Ray LaMontagne","No Other Way","1209","1"
"Scorpions","Dancing with the Moonlight - Studio Edit","1210","1"
"Ben Harper","A House Is A Home","1211","1"
"Ben Harper","Learn It All Again Tomorrow","1212","1"
"John Mayer","XO","1213","1"
"Aloe Blacc X David Correy","The World Is Ours (Coca-Cola 2014 World's Cup Anthem)","1214","1"
"Ed Sheeran","I'm a Mess","1215","1"
"Handsome Ghost","Blood Stutter","1216","1"
"The Ting Tings","Wrong Club","1217","1"
"Old Crow Medicine Show","O Cumberland River","1218","1"
"Porter Robinson","Sad Machine","1219","1"
"Ellen Harper","Learn It All Again Tomorrow","1220","1"
"Digitalism feat. Youngblood Hawke","Wolves","1221","1"
"Lana Del Rey","Shades of Cool","1222","1"
"Cazzette","Sleepless - Radio Edit","1223","1"
"Lady Antebellum","Bartender","1224","1"
"Banks","Beggin for Thread","1225","1"
"Arkells","Come To Light","1226","1"
"Sam Smith","Restart","1227","1"
"Imagine Dragons","Battle Cry","1228","1"
"Jason Mraz","Love Someone","1229","1"
"Panama Wedding","Feels Like Summer","1230","1"
"deadmau5","Seeya","1231","1"
"Angus & Julia Stone","Grizzly Bear","1232","1"
"Miranda Lambert","Gravity Is a B**ch","1233","1"
"Tennis","I'm Callin'","1234","1"
"Little Big Town","Day Drinking","1235","1"
"Jeff Beal","Next In Line","1236","1"
"Jeff Beal","What I Want","1237","1"
"Jeff Beal","Articles Of Impeachment","1238","1"
"Jeff Beal","Mr. President","1239","1"
"Train","Angel In Blue Jeans","1240","1"
"Owl City","Wolf Bite","1241","1"
"Owl City","This Isn't the End","1242","1"
"Alex Clare","Take You Back","1243","1"
"Ryan Adams","Gimme Something Good","1244","1"
"Ben Howard","Rivers in Your Mouth","1245","1"
"Bleachers","Wild Heart","1246","1"
"Jamie xx","All Under One Roof Raving","1247","1"
"Cold War Kids","All This Could Be Yours","1248","1"
"Keira Knightley","Like A Fool","1249","1"
"Adam Levine","Lost Stars","1250","1"
"The Naked and Famous","Hearts Like Ours - Sombear Remix","1251","1"
"Trip to Dover","Lifelong Lovesong","1252","1"
"Tweedy","Wait For Love","1253","1"
"Alex Mine","Breath In - Original Mix","1254","1"
"Florida Georgia Line","Dirt","1255","1"
"Marc Broussard","Man Ain't Supposed To Cry","1256","1"
"Justin Townes Earle","White Gardenias","1257","1"
"American Authors","Believer - Tiesto Remix","1258","1"
"Jessie J","Bang Bang","1259","1"
"Shakey Graves","Dearly Departed (feat. Esme Patterson)","1260","1"
"Catfish and The Bottlemen","Cocoon","1261","1"
"Bastille","Icarus - Live From Queens' College,United Kingdom/2013","1262","1"
"Great Good Fine OK","By My Side","1263","1"
"Ella Eyre","Comeback","1264","1"
"Marlon Roudette","In Luck","1265","1"
"Fall Out Boy","Beat It - Live At The Cricket Pavillion /2007","1266","1"
"Bastille","bad_news","1267","1"
"Stars","No One Is Lost","1268","1"
"The New Basement Tapes","Kansas City","1269","1"
"Meghan Trainor","Dear Future Husband","1270","1"
"Train","Wonder What You're Doing for the Rest of Your Life","1271","1"
"Bear's Den","Above the Clouds of Pompeii","1272","1"
"Ben Howard","Evergreen","1273","1"
"Diana Krall","California Dreamin'","1274","1"
"Sam Smith","I'm Not the Only One - Radio Edit","1275","1"
"Nick Jonas","Jealous","1276","1"
"Hozier","Take Me to Church - Live From Spotify London","1277","1"
"A Hope for the Future","Loaded Gun","1278","1"
"New Politics","Everywhere I Go (Kings and Queens)","1279","1"
"Scott Bradlee & Postmodern Jukebox","All About That Bass","1280","1"
"Bastille","Pompeii - Live With Film Orchestra","1281","1"
"Bastille","Oblivion - Slinger Remix","1282","1"
"Bastille","bad_news - Instrumental","1283","1"
"Verite","Echo","1284","1"
"Bear's Den","Think Of England","1285","1"
"Bear's Den","Magdalene","1286","1"
"Franky Perez","Stay","1287","1"
"Walk the Moon","Different Colors","1288","1"
"LA+CH","Nights","1289","1"
"Dreamers","Waste My Night","1290","1"
"Osca","Around The Bends","1291","1"
"Owl City","You're Not Alone","1292","1"
"Marian Hill","Got It","1293","1"
"Paperwhite","Pieces","1294","1"
"Secondhand Serenade","Nothing Left To Say","1295","1"
"Fifth Harmony","Sledgehammer","1296","1"
"Imagine Dragons","I Bet My Life","1297","1"
"Milo Greene","On The Fence","1298","1"
"Ella Henderson","Say Something (Originally By A Great Big World & Christina Aguilera)","1299","1"
"Ed Sheeran","Stay With Me (Originally by Sam Smith)","1300","1"
"Belle and Sebastian","The Party Line","1301","1"
"Bridge","Roll My Weed","1302","1"
"The Lone Bellow","Fake Roses","1303","1"
"Nicki Minaj","Bed of Lies (feat. Skylar Grey)","1304","1"
"Pitbull","Time of Our Lives","1305","1"
"Ariana Grande","Santa Tell Me","1306","1"
"Meghan Trainor","I'll Be Home","1307","1"
"Straight No Chaser","Text Me Merry Christmas (feat. Kristen Bell)","1308","1"
"Echosmith","Cool Kids - RAC Mix","1309","1"
"P.O.D.","Alive - 2006 Remastered Version","1310","1"
"Ellie Goulding","Love Me Like You Do - From ""Fifty Shades of Grey""","1311","1"
"Kelly Clarkson","Heartbeat Song","1312","1"
